改革	[5] 后面我们将看到，即使到了改革年代，中央和地方财政分配制<br>— 周黎安 · 《转型中的地方政府》 · p185	周黎安 转型中的地方政府 概念
政治锦标赛	我们所定义的政治锦标赛是指处于同一级别的政府官员为了获得政治<br>— 周黎安 · 《转型中的地方政府》 · p189	周黎安 转型中的地方政府 概念
实事求是	，并不是多此一举。计委这次提出明年的基建投资是二百五十亿元，财政部提出的是一百七十亿元。不管哪个数字，都比一九七八年的四百五十一亿元和一九七九年的三百六十亿元减少了。这就在实际上证实了一九七八年和一九七九年的投资超过了国家财力物力的可能。这种基建投资超过国家财力物力可能的状况，自一九七○年以来或多或少就存在了。基本建设战线太长，这是一个老问题。二、我们的基建投资，必须是没有赤字的〔１９５〕。就是在财政平衡的基础上，看能够拨出多少钱用于基本建设投资，以这个数字来制定基本建设计划。所以，根据三十年来的经验，找出基本建设投资在财政支出中所占比重这一条杠杠，是必要的，这样才是实事求是。三、不要用·自·由外汇〔１９６〕兑换成为人民币来弥补基建投资的赤字。我们现在借到的四十四亿美元自由外汇，用于其他方面的已经有三十一亿美元，明年不可能再借到五十亿美元４６２B这是陈云同志在国务院财政经济委员会召开的汇报会上的讲<br>— 陈云 · 《陈云文选·第三卷》 · p276	陈云 陈云文选第三卷 概念
行政发包制	争论 [9] ，原因在于行政发包制是一种混合形态，兼具理性科层制和纯<br>— 周黎安 · 《转型中的地方政府》 · p63	周黎安 转型中的地方政府 概念
权力	发包的方式和内容，即所谓的机制设计权，因而是一切权力的中心和<br>— 周黎安 · 《转型中的地方政府》 · p73	周黎安 转型中的地方政府 概念
权力	精英研究的结论在很大程度上反映了中国社会转型的特点，即国家和政府权力在社会转型中保持着主导性地位<br>— 周飞舟 · 《以利为利》	周飞舟 以利为利 概念
计划经济	革前的中国，计划经济采用的是一种M型结构，即一个结构和功能类似<br>— 周黎安 · 《转型中的地方政府》 · p57	周黎安 转型中的地方政府 概念
计划经济	我们的商业是有计划的。我们国家实行的是计划经济，有五年计划，也有年度计划。商业是计划经济的一部分。资本主义商业不可能有全社会的计划。我们商业工作的目的是为人民服务，资本主义商业的目的则是为个人赚钱。我们不是看哪种商品销得快，就提高那种商品的价格。我们做的许多事，私商不会去做。四川的粮食赔钱运到上海去，私商不会干。我们的商业也是要赚钱的，但赚钱也是为了人民的利益。我们国家的和集体的商业工作，得到全党和全国人民的支持。如粮食统购统销，一九五三年十<br>— 陈云 · 《陈云文选·第二卷》 · p341	陈云 陈云文选第二卷 概念
分税制	所谓“其他补助”，在2（削年以前主要是指原体制补助，是为了部分保留分税制以前各地方对中央的补助和上解关系而设立的，数量不大<br>— 周飞舟 · 《以利为利》	周飞舟 以利为利 概念
分税制	即使在实行了较为彻底的分税制的省份之间，具体的税收分成办法也<br>— 周黎安 · 《转型中的地方政府》 · p177	周黎安 转型中的地方政府 概念
权威	非正式制度是指在组织正式权威结构之外产生的人际关<br>— 周雪光 · 《中国国家治理的制度逻辑》 · p76	周雪光 中国国家治理的制度逻 概念
权威	人与承包人同处于一个权威体系，发包人具有支配性权力（所谓“权<br>— 周黎安 · 《转型中的地方政府》 · p64	周黎安 转型中的地方政府 概念
社会主义	简言之，社会主义国家整体控制的制度安排把相应的<br>— 周雪光 · 《中国国家治理的制度逻辑》 · p410	周雪光 中国国家治理的制度逻 概念
社会主义	市场。在社会主义的统一市场里，国家市场是它的主体，但是附有一定范围内国家领导的自由市场。这种自由市场，是在国家领导之下，作为国家市场的补充，因此它是社会主义统一市场的组成部分。采取上述措施，可以帮助我们解决目前国家市场上存在着的若干问题。但是同时应该看到，这些措施也会带来一些新的问题，还需要进一步加以研究解决。在这一方面，我们还缺少必要的经验。因此，我们所说的这些措施，必须慎重从事，稳步前进，经过试验，逐步推行。３１社会主义改造基本完成以后的新问题<br>— 陈云 · 《陈云文选·第三卷》 · p25	陈云 陈云文选第三卷 概念
开放	“特殊政策、灵活措施”概括为三句话，即“对外更加开放，对内更<br>— 周黎安 · 《转型中的地方政府》 · p113	周黎安 转型中的地方政府 概念
开放	中国将以自由贸易试验区的发展为契机，推动金融、服务贸易、公共服务和数字贸易的开放发展，推进新一轮对外开放五大新任务，即：进一步激发进口潜力、持续放宽市场准入、营造国际一流营商环境、打造对外开放新高地、推动多边和双边合作深入发展<br>— 黄奇帆 · 《分析与思考》	黄奇帆 分析与思考 概念
资本主义	布洛维认为，工人这样做既转移了自身的注意力，同时也形塑了一种自身对资本主义生产关系的变相同意，即“制造同意”（manufacturing consent）<br>— 孙萍 · 《过渡劳动》	孙萍 过渡劳动 概念
资本主义	出了钞票，农民有了钱就可以买东西。到九月全国情况就改观了，霓虹灯都亮了。过去帝国主义为了收购土产，倾销洋货，在青岛、大连、上海、广州等地建设码头，建发电厂，修仓库，筑铁路，办银行。经过这些城市，利用商业资本，收购土产，推销洋货，这叫“中外交流”。这种交流，反映了中国是一个被剥削的农业国。经过十二年的战争〔２７〕，中国政治情况起了根本变化，原来的城乡交流关系基本上打乱了。如果不估计到这种情况，单去搞收支平衡，那么老百姓虽然也喊“万岁”，但因与他们的实际关系不大，就会喊得不起劲。中国现在有几万万农民，有几千万手工业者，有几百万产业工人，这就是中国经济的实际情况。我们每件工作都要对他们有利益。如果没有廉价的工业品供应农民，并且把他们的土产推销出去，那么工农联盟就不能巩固，农民就会说：“打倒帝国主义、封建主义、官僚资本主义都很好，但是鸡蛋卖不出去，桐油跌价，那就不好。”所以城乡交流是一件大事，要动员全党的<br>— 陈云 · 《陈云文选·第二卷》 · p137	陈云 陈云文选第二卷 概念
主权	（二）“主权信用货币制”值得说明的是，“二战”后建立的“布雷顿森林体系”，即“美元与黄金挂钩，其他国家货币与美元挂钩”的“双挂钩”制度，其实质也是一种“金本位”制度，而1971年美国总统尼克松宣布美元与黄金脱钩也正式标志着美元放弃了以黄金为本位的货币制度，随之采取的是“主权信用货币制”<br>— 黄奇帆 · 《分析与思考》	黄奇帆 分析与思考 概念
腐败	中，冒险性支出是指能够带来经济增长，但也可能增加官员腐败的可<br>— 周黎安 · 《转型中的地方政府》 · p374	周黎安 转型中的地方政府 概念
集权	层面横向协调和整合度低三个特征，被称为中国政府治理的“集权—<br>— 周黎安 · 《转型中的地方政府》 · p97	周黎安 转型中的地方政府 概念
集权	这实际上对中央一地方关系提出了更高的要求，即要求中央政府的高度集权<br>— 周飞舟 · 《以利为利》	周飞舟 以利为利 概念
历史决定论	（在这方面，我完全同意历史决定论，即使我并不认为历史预言是社会科学的任务之一<br>— 波普尔 · 《历史决定论的贫困》	波普尔 历史决定论的贫困 概念
意识形态	“研究的政治”指的是学者的研究工作不可避免地受到资助方（经济）、专业领域发展、政府机构及其意识形态和行业内竞争等方面的影响<br>— 孙萍 · 《过渡劳动》	孙萍 过渡劳动 概念
附近	例如，有骑手会在群里公布自己即将去往附近哪个位置，有同一时间订单的骑手可以“搭顺风车”，即送给前一个骑手或者两人合成一人送单，对算法的规划实现“再整合”，省时省力<br>— 孙萍 · 《过渡劳动》	孙萍 过渡劳动 概念
附近	菜生产基地也不行，冬、春两季就不能保证供应。过去的蔬菜供应网，据我了解，上海的蔬菜并不是全靠郊区供应，而是把上海附近的松江专区〔３５〕、苏州专区〔３６〕的若干个县作为生产基地的，甚至还包括浙江的平湖、嘉兴等地区。北方也是如此。山东是大白菜的生产基地，河北的唐山、保定等地区也是蔬菜生产基地。除了保持和发展这些历史上形成的蔬菜生产基地外，新的城市还要建立新的秋菜生产基地。这种秋菜基地，今年可在部分地区试验多施化肥，看增施一定数量的化肥究竟能增产多少蔬菜。我国耕地不足，粮食困难，如果在几十万亩蔬菜基地用化肥能大量增产蔬菜，那就能解决很大问题。今年化肥不足，试验面积不必过大。如果效果好，明年可以专门进口一部分化肥用于种植蔬菜。蔬菜种植面积必须有“安全系数”。这就是说，种植面积要５６一定要把蔬菜供应问题解决好<br>— 陈云 · 《陈云文选·第三卷》 · p77	陈云 陈云文选第三卷 概念
控制权	[6] 剩余索取权不同于剩余控制权，它是指对利润或剩余收入（比<br>— 周黎安 · 《转型中的地方政府》 · p99	周黎安 转型中的地方政府 概念
控制权	换言之，激励设计的执行和效果因组织内其他控制权分配方式<br>— 周雪光 · 《中国国家治理的制度逻辑》 · p131	周雪光 中国国家治理的制度逻 概念
市场调节	要缺点：只有“有计划按比例”这一条，没有在社会主义制度下还必须有·市·场·调·节这一条。所谓市场调节，就是按价值规律调节，在经济生活的某些方面可以用“无政府”、“盲目”生产的办法来加以调节。现在的计划太死，包括的东西太多，结果必然出现缺少市场自动调节的部分。计划又时常脱节，计划机构忙于日常调度。因为市场调节受到限制，而计划又只能对大路货、主要品种作出计划数字，因此生产不能丰富多彩，人民所需日用品十分单调。（三）·整·个社会主义时期必须有两种经济：（１）计划经济部分（有计划按比例的部分）；（２）市<br>— 陈云 · 《陈云文选·第三卷》 · p257	陈云 陈云文选第三卷 概念
综合平衡	高的幅度，另行规定。地方除了用中央的拨款举办基本建设以外，还可以用自己的收入举办一部分基本建设。为了合理的分配基本建设所需要的物资，并且照顾全国的产供销平衡，地方对于这一部分基本建设投资，应该连同中央对地方基本建设拨款的部分，一并提出计划草案，报经中央主管部门统一审核，综合平衡，纳入国家整个基本建设计划。第五，地方机动财力收入的限度。地方固定收入、企业分成收入和调剂分成收入等三种收入都是年年增长的；企业分成收入和调剂分成收入所规定的比例三年不变，在同一比例下，收入的绝对金额也是逐年增长的。使地方得到一定数量的机动财力，是这次财政体制改进的主要目的。但是，地方由于改进财政体制而多得的收入，应该有一个限度，它的原则是使地方可以有适当数量的机动财力，同时又能够保证国家重点建设<br>— 陈云 · 《陈云文选·第三卷》 · p115	陈云 陈云文选第三卷 概念
条条	涉及的核心问题就是如何把集中于计划管理部门（即中央条条部门）<br>— 周黎安 · 《转型中的地方政府》 · p122	周黎安 转型中的地方政府 概念
行政发包	[28] 这里说的行政发包程度主要是指决策权和执行权是更偏重于承<br>— 周黎安 · 《转型中的地方政府》 · p102	周黎安 转型中的地方政府 概念
转移支付	山东、广西，即省级财政在分配转移支付等补助资金时，直接核定到<br>— 周黎安 · 《转型中的地方政府》 · p184	周黎安 转型中的地方政府 概念
转移支付	所以说，改革前后中央一地方关系发生了实质性的变化，即从改革前讨价还价的关系变成了改革后地方主要依靠中央拨付转移支付补助的关系<br>— 周飞舟 · 《以利为利》	周飞舟 以利为利 概念
一统体制	简言之，维系一统体制的两个核心组织<br>— 周雪光 · 《中国国家治理的制度逻辑》 · p30	周雪光 中国国家治理的制度逻 概念
民族主义	这就是说，他代表一种极其典型的结合（对于他的时代，而且我猜想，对于我们的时代来说是典型的），即把民主——个人主义的因素和集体——民族主义的因素结合起来<br>— 波普尔 · 《历史决定论的贫困》	波普尔 历史决定论的贫困 概念
国家与社会	道政府与社会组织之间所谓的国家与社会的边界其实是“伪”边界。<br>— 周黎安 · 《转型中的地方政府》 · p432	周黎安 转型中的地方政府 概念
社会运动	历史决定论的作者常常坚持说，社会学同样应该以社会动力学为根据，即以关于社会的（或历史的）力量决定社会运动的理论为根据<br>— 波普尔 · 《历史决定论的贫困》	波普尔 历史决定论的贫困 概念
分权	企业为主体，中央和地方分权的核心在于谁拥有对于所属国有企业的<br>— 周黎安 · 《转型中的地方政府》 · p368	周黎安 转型中的地方政府 概念
分权	对于两个重要的问题，即现行制度和政策是①王绍光(1997 ）. 《分权的底限》，中国计划出版社<br>— 周飞舟 · 《以利为利》	周飞舟 以利为利 概念
唯实	“唯实主义”是一个容易使人误解的名称，因为这个“唯实主义的”理论也一直被称为“唯心主义的”<br>— 波普尔 · 《历史决定论的贫困》	波普尔 历史决定论的贫困 概念
唯实	干净，产苗猪多，苗猪成活率高。公养母猪喂食不分大小、强弱，像开“大锅饭”，猪圈脏得很，母猪流产多，苗猪成活率低。通过这次调查，得出一个结论，就是大部分母猪也应该下放给农民私养。总之，后一种调查研究，你们浙江可以试一试。你们要在各行各业广交知心朋友。军队也可以这样做。军队非常、非常、非常重要。对于党的指示，军队一定要坚决执行。去年解决北京天安门的事〔３０１〕，没有军队不行。一定要把军队建设好。３７３不唯上、不唯书、只唯实，交换、比较、反复<br>— 陈云 · 《陈云文选·第三卷》 · p385	陈云 陈云文选第三卷 概念
压力型体制	根据荣敬本等（1998）的定义，所谓“压力型体制”，就是指一级政<br>— 周黎安 · 《转型中的地方政府》 · p359	周黎安 转型中的地方政府 概念
总额分成	这里的总额分成是指地方负责组织的总收入和地方财政总支<br>— 周黎安 · 《转型中的地方政府》 · p148	周黎安 转型中的地方政府 概念
代理方	抉择是指这样的情形：代理方对来自上级部门的压力，<br>— 周雪光 · 《中国国家治理的制度逻辑》 · p185	周雪光 中国国家治理的制度逻 概念
属地化	但是漕运和盐政仍然是按照属地化的原则管理的，即它们所要求的人<br>— 周黎安 · 《转型中的地方政府》 · p72	周黎安 转型中的地方政府 概念
整体主义	他们争辩说，正如所有“生物”科学，即涉及生命体的科学一样，社会学的研究不应采用原子主义的方式，而应采用现在称之为“整体主义的”方式<br>— 波普尔 · 《历史决定论的贫困》	波普尔 历史决定论的贫困 概念
卡理斯玛权威	简言之，卡理斯玛权威、官僚权力与民众三者间的紧张在这<br>— 周雪光 · 《中国国家治理的制度逻辑》 · p91	周雪光 中国国家治理的制度逻 概念
共谋行为	特别是指基层上下级政府针对其更上一级政府的共谋行为<br>— 周雪光 · 《中国国家治理的制度逻辑》 · p210	周雪光 中国国家治理的制度逻 概念
共谋现象	的共谋现象是指管理方与代理方“共谋”应对委托方的博弈过程<br>— 周雪光 · 《中国国家治理的制度逻辑》 · p210	周雪光 中国国家治理的制度逻 概念
垂直管理	潮”，即银行、国税、海关变成中央垂直管理，质检、国土、工商变<br>— 周黎安 · 《转型中的地方政府》 · p49	周黎安 转型中的地方政府 概念
放水养鱼	所谓的“放水养鱼”，是指地方政府通过各种途径向企业“注”水，以行政或者半行政手段动员地方资源来扩大企业生产规模，而不是建立真正①张闰龙（2仪施），“财政分权与省以下政府闭关系的演变”，《社会学研究〉第5 期<br>— 周飞舟 · 《以利为利》	周飞舟 以利为利 概念
放水养鱼	这种做法也被称为“放水养鱼”，“藏富于<br>— 周黎安 · 《转型中的地方政府》 · p187	周黎安 转型中的地方政府 概念
资本置换	了所谓的“资本置换”的新概念，被认为开创了中国经济欠发达地区<br>— 周黎安 · 《转型中的地方政府》 · p257	周黎安 转型中的地方政府 概念
软预算约束	国有企业软预算约束现象的另一个制度性根源，即地方官员的政治竞<br>— 周黎安 · 《转型中的地方政府》 · p291	周黎安 转型中的地方政府 概念
软预算约束	虽然地方政府的行为变得“公司化”，但是这种行为并不像市场中的公司那样存在预算约束，即使有约束的话，也是“软预算约束”<br>— 周飞舟 · 《以利为利》	周飞舟 以利为利 概念
机会主义	比较多，那么交易内容很容易写入契约，即使交易对方处于机会主义<br>— 周黎安 · 《转型中的地方政府》 · p424	周黎安 转型中的地方政府 概念
可信承诺	信承诺”和“强制意义上的可信承诺”，前者指的是符合参与人激励<br>— 周黎安 · 《转型中的地方政府》 · p439	周黎安 转型中的地方政府 概念
过渡劳动	回到对概念的分析，“过渡劳动”想要展现的是一种“脱嵌式”的劳动和生活逻辑，即过渡作为一种劳动手段本身的出发点在平台市场逻辑的渗透下失去了它的功能性意义，反而变成了一种常态化存在<br>— 孙萍 · 《过渡劳动》	孙萍 过渡劳动 概念
乌托邦	对我们来说，我们现在不得不去做逻辑上不可能的事情，即去确定和指挥整个社会系统，去调整全部社会生活，这不过是用所谓“历史的力量”和“未来的发展”使乌托邦计划成为不可避免之类的话来恐吓我们罢了<br>— 波普尔 · 《历史决定论的贫困》	波普尔 历史决定论的贫困 概念
计划与市场	相结合。（六）在今后经济的调整和体制的改革中，实际上计划与市场这两种经济的比例的调整将占很大的比重。不一定计划经济部分愈增加，市场经济部分所占绝对数额就愈缩小，可能是都·相·应地增加。７４２计划与市场问题<br>— 陈云 · 《陈云文选·第三卷》 · p259	陈云 陈云文选第三卷 概念
摸着石头过河	加入工商联，然后按行业划分小组，这种小组并不等于大城市的同业公会。但在大、中城市中，一般不要采取打乱原有的同业公会而完全采取以企业为单位入会的做法。有些同业公会的经费和人员很多，工商联不能调动，这是不合理的。但是，不要一下子打乱同业公会，而宁可采用其他的办法来合理使用经费和人员。等到工商联的工作做得久些，做得好些，并提高了威信，经费和人员的合理使用，是可以逐步做到的。即使如此，办法也应该稳妥，这叫摸着石头过河。搞急了是要出毛病的。毛毛草草而发生错误和稳稳当当而慢一点相比较，我们宁可采取后者。尤其是处理全国经济问题，更须注意这点。慢两三个月天不会塌，怕什么。某些地方已经改为以工商户为单位参加工商联的，也不必再改过来，可以再看看。对现在还未加入工商联的私营工商户怎么办？应该承认组织进来比不组织进来有利。但工商联不宜于在章程上作统统加入的规定。工商联应依靠自己的工作来争取他们加入，政府可以通过适当的办法<br>— 陈云 · 《陈云文选·第二卷》 · p161	陈云 陈云文选第二卷 概念
国情	等等。相反地，用切断历史和生搬硬套的办法，把书本子上的抽象概念套到中国来，把生动的中国看成僵硬的中国，把复杂的社会看成简单的社会，把广大的革命工作园地缩小到寸步难移，把容易深入的社会变成格格不入。所有这些错误，使白区党非但不能广泛地开展革命工作，而且基本上脱离了群众，绝大部分遭受了失败。为了今后大后方党的保存和革命工作的发展，必须彻底无保留地打破主观主义、公式主义和生搬硬套书本上的概念，从具体的中国情况出发，抓住中国的特点。只有这样，革命工５３２改进大后方秘密党的工作<br>— 陈云 · 《陈云文选·第一卷》 · p245	陈云 陈云文选第一卷 概念
国情	办法使农民把土产推销出去。去年在经济战线上，我们是税收、公债、货币回笼、收购四路“进兵”，一下子把通货膨胀制止了。三月物价稳定，五月中旬全国各地工商业者都叫喊货卖不出去。于是我们发了两路“救兵”，一为加工订货，一为收购土产。起决定作用的是收购土产，因为收购土产，就发出了钞票，农民有了钱就可以买东西。到九月全国情况就改观了，霓虹灯都亮了。过去帝国主义为了收购土产，倾销洋货，在青岛、大连、上海、广州等地建设码头，建发电厂，修仓库，筑铁路，办银行。经过这些城市，利用商业资本，收购土产，推销洋货，这叫“中外交流”。这种交流，反映了中国是一个被剥削的农业国。经过十二年的战争〔２７〕，中国政治情况起了根本变化，原来的城乡交流关系基本上打乱了。如果不估计到这种情况，单去搞收支平衡，那么老百姓虽然也喊“万岁”，但因与他<br>— 陈云 · 《陈云文选·第二卷》 · p137	陈云 陈云文选第二卷 概念
专制	换言之，“君主专制制度，从一<br>— 周雪光 · 《中国国家治理的制度逻辑》 · p74	周雪光 中国国家治理的制度逻 概念
政治教化	简言之，政治教化不再如<br>— 周雪光 · 《中国国家治理的制度逻辑》 · p84	周雪光 中国国家治理的制度逻 概念
剩余索取权	产权不是指收入或其他资产的剩余索取权，而是<br>— 周雪光 · 《中国国家治理的制度逻辑》 · p103	周雪光 中国国家治理的制度逻 概念
党政双重权威	简言之，党政双重权威在各类组织中共生并存的结构可以说是<br>— 周雪光 · 《中国国家治理的制度逻辑》 · p158	周雪光 中国国家治理的制度逻 概念
资源密集型项目	所谓资源密集型项目是指那些投入<br>— 周雪光 · 《中国国家治理的制度逻辑》 · p293	周雪光 中国国家治理的制度逻 概念
国政治分成“三层”	国政治分成“三层”，即中央政府、地方政府和民众，以区别于时下<br>— 周黎安 · 《转型中的地方政府》 · p37	周黎安 转型中的地方政府 概念
范的分析	范的分析，即回答“应该怎样”的问题。<br>— 周黎安 · 《转型中的地方政府》 · p38	周黎安 转型中的地方政府 概念
35岁现象	也出现了所谓的“35岁现象”，即贪腐行为逐渐年轻化。<br>— 周黎安 · 《转型中的地方政府》 · p43	周黎安 转型中的地方政府 概念
神仙下	重新被私人部门聘用，“发挥余热”，这在日本被称为“神仙下<br>— 周黎安 · 《转型中的地方政府》 · p43	周黎安 转型中的地方政府 概念
式官僚制过渡	式官僚制过渡，即越来越强调规则、程序和可问责性，传统行政治理<br>— 周黎安 · 《转型中的地方政府》 · p53	周黎安 转型中的地方政府 概念
“职责同构”现象	“职责同构”现象，即在政府间关系中，从中央到地方各级政府，不<br>— 周黎安 · 《转型中的地方政府》 · p58	周黎安 转型中的地方政府 概念
制”	制”，即企业主提供生产性资产，雇佣工人，进行生产；<br>— 周黎安 · 《转型中的地方政府》 · p60	周黎安 转型中的地方政府 概念
第四个特征	第四个特征是指官员自己不提供行政所需的设备和费用，科层组织集<br>— 周黎安 · 《转型中的地方政府》 · p64	周黎安 转型中的地方政府 概念
要特征	要特征，即使今天也是如此。<br>— 周黎安 · 《转型中的地方政府》 · p67	周黎安 转型中的地方政府 概念
独立执行机构	独立执行机构，即编制、人事和财务完全与地方独立的机构，这使得<br>— 周黎安 · 《转型中的地方政府》 · p76	周黎安 转型中的地方政府 概念
企业对国家的经济责任	企业对国家的经济责任，即上缴利税的责任。<br>— 周黎安 · 《转型中的地方政府》 · p80	周黎安 转型中的地方政府 概念
行联产责任承包制	行联产责任承包制，即所谓的“包产到户”。<br>— 周黎安 · 《转型中的地方政府》 · p80	周黎安 转型中的地方政府 概念
管理方	即使到了今天，预算包干制仍然是一种普遍的行政体制的预算管理方<br>— 周黎安 · 《转型中的地方政府》 · p81	周黎安 转型中的地方政府 概念
金”	金”，即中央政府必须在相当程度上尊重地方的利益诉求，包括地方<br>— 周黎安 · 《转型中的地方政府》 · p92	周黎安 转型中的地方政府 概念
在西方	在西方，即便是单一制国家，中央政府如果想让<br>— 周黎安 · 《转型中的地方政府》 · p96	周黎安 转型中的地方政府 概念
理的三个维度	理的三个维度，即激励强度（incentive intensity），行政控制<br>— 周黎安 · 《转型中的地方政府》 · p98	周黎安 转型中的地方政府 概念
府事务外包主要	府事务外包主要是指将政府一部分职能或服务转包给私人机构，政府<br>— 周黎安 · 《转型中的地方政府》 · p98	周黎安 转型中的地方政府 概念
比例分配	比例分配，即基建投资额中的40％由中央主管部门掌握使用，30％由<br>— 周黎安 · 《转型中的地方政府》 · p108	周黎安 转型中的地方政府 概念
“简政”	“简政”是指精简政府机构，大力撤并中央的一些部委。<br>— 周黎安 · 《转型中的地方政府》 · p110	周黎安 转型中的地方政府 概念
管理体制	管理体制，即中央负责管理中央各部委和地方各省市自治区一级的领<br>— 周黎安 · 《转型中的地方政府》 · p110	周黎安 转型中的地方政府 概念
共和国宪法》	共和国宪法》，即通称的《八二宪法》。<br>— 周黎安 · 《转型中的地方政府》 · p110	周黎安 转型中的地方政府 概念
对下更加放权	加放宽，对下更加放权”，其中所谓“对下更加放权”，就是赋予<br>— 周黎安 · 《转型中的地方政府》 · p113	周黎安 转型中的地方政府 概念
块块	“块块”是指地方政府所统辖和管理的<br>— 周黎安 · 《转型中的地方政府》 · p120	周黎安 转型中的地方政府 概念
条”通常	条”通常是指中央一级的行政机关或企事业单位在不同层级的地方政<br>— 周黎安 · 《转型中的地方政府》 · p120	周黎安 转型中的地方政府 概念
条块关系	在条块关系中，我们需要区分所谓的部门之间的“领导关<br>— 周黎安 · 《转型中的地方政府》 · p121	周黎安 转型中的地方政府 概念
虑一个委托人	虑一个委托人，即中央政府作为一个整体向各级地方政府分包各项事<br>— 周黎安 · 《转型中的地方政府》 · p126	周黎安 转型中的地方政府 概念
“多对一”	“多对一”是指多个发包方（中央部委）面对一个承办方（地方政<br>— 周黎安 · 《转型中的地方政府》 · p127	周黎安 转型中的地方政府 概念
“一对多”	“一对多”是指一个地方政<br>— 周黎安 · 《转型中的地方政府》 · p129	周黎安 转型中的地方政府 概念
个地方上显得过多过杂	个地方上显得过多过杂，即所谓的“撒胡椒面”。<br>— 周黎安 · 《转型中的地方政府》 · p129	周黎安 转型中的地方政府 概念
“多对多”	“多对多”是指多个发包方面对多个承包方，这是现实中我们观察到<br>— 周黎安 · 《转型中的地方政府》 · p130	周黎安 转型中的地方政府 概念
基层的行政单位	基层的行政单位，即所谓“王权止于县政”。<br>— 周黎安 · 《转型中的地方政府》 · p132	周黎安 转型中的地方政府 概念
村委会	社、恢复乡镇之后被称为“村委会”。<br>— 周黎安 · 《转型中的地方政府》 · p138	周黎安 转型中的地方政府 概念
干的体制	干的体制，即“定收定支，收支包干，保证上缴（或差额补贴），结<br>— 周黎安 · 《转型中的地方政府》 · p149	周黎安 转型中的地方政府 概念
激励强度系数	激励强度系数，即代理人从创造的收入中获得的分享比例，是激<br>— 周黎安 · 《转型中的地方政府》 · p152	周黎安 转型中的地方政府 概念
划分税种和核定收支	划分税种和核定收支是指根据当时的税种设<br>— 周黎安 · 《转型中的地方政府》 · p158	周黎安 转型中的地方政府 概念
预算外资金	预算外资金是指不纳入国家预算管理，由各部门、各地区、各单位根<br>— 周黎安 · 《转型中的地方政府》 · p167	周黎安 转型中的地方政府 概念
限责任	限责任，即属地所发生的任何事情都是地方主政官的行政责任，在这<br>— 周黎安 · 《转型中的地方政府》 · p170	周黎安 转型中的地方政府 概念
包干”制	包干”制，即以1987年财政决算参与分成的收入为基数，每年递增<br>— 周黎安 · 《转型中的地方政府》 · p174	周黎安 转型中的地方政府 概念
乡镇如果不能完成上缴任务	乡镇如果不能完成上缴任务，即使责任在税务机关（如征收不力<br>— 周黎安 · 《转型中的地方政府》 · p182	周黎安 转型中的地方政府 概念
省直管县	所谓“省直管县”，就是省级财政在政府间收支划分、转移支<br>— 周黎安 · 《转型中的地方政府》 · p183	周黎安 转型中的地方政府 概念
市刮县	带来了两个问题：一是所谓的“市刮县”，即市级政府截留、克扣上<br>— 周黎安 · 《转型中的地方政府》 · p183	周黎安 转型中的地方政府 概念
乡财县管	“乡财县管”是指县级财政部门直接管理并监督乡镇财政收支，实行<br>— 周黎安 · 《转型中的地方政府》 · p184	周黎安 转型中的地方政府 概念
进一步的研究表明	进一步的研究表明，即使在政治关联发生作用的时<br>— 周黎安 · 《转型中的地方政府》 · p195	周黎安 转型中的地方政府 概念
下级政府官员的任命	下级政府官员的任命，即具有集中的人事权。<br>— 周黎安 · 《转型中的地方政府》 · p196	周黎安 转型中的地方政府 概念
经常面临的国家治理的挑战	经常面临的国家治理的挑战，即所谓的“政治公有地悲剧”：每一个<br>— 周黎安 · 《转型中的地方政府》 · p202	周黎安 转型中的地方政府 概念
级管理”就	级管理”就是指在中央和地方各级党委之间，建立分工管理各级干部<br>— 周黎安 · 《转型中的地方政府》 · p211	周黎安 转型中的地方政府 概念
这里所谓的“准公司”性质	这里所谓的“准公司”性质是指地方<br>— 周黎安 · 《转型中的地方政府》 · p223	周黎安 转型中的地方政府 概念
闲不住的手	只“看得见的手”（有时也被称为“闲不住的手”）的影响和左右。<br>— 周黎安 · 《转型中的地方政府》 · p223	周黎安 转型中的地方政府 概念
神仙下凡	所谓的“神仙下凡”，即政府官员退休之后被企业延聘为高管或董<br>— 周黎安 · 《转型中的地方政府》 · p233	周黎安 转型中的地方政府 概念
层层加码	大，即所谓的“层层加码”，比如当一个经济增长目标经中央政府提<br>— 周黎安 · 《转型中的地方政府》 · p236	周黎安 转型中的地方政府 概念
赛是静态的	赛是静态的，即上级对官员进行的绩效考核是一次性的。<br>— 周黎安 · 《转型中的地方政府》 · p242	周黎安 转型中的地方政府 概念
断发散的情况	断发散的情况，即上一期增长快的地区下一期增长也快，而与官员激<br>— 周黎安 · 《转型中的地方政府》 · p244	周黎安 转型中的地方政府 概念
收敛的趋势	收敛的趋势，即上一期增长快的地区下一期增长率趋于下降。<br>— 周黎安 · 《转型中的地方政府》 · p244	周黎安 转型中的地方政府 概念
具特色的土地使用制度	具特色的土地使用制度，即土地收购储备出让制度，为杭州城市经济<br>— 周黎安 · 《转型中的地方政府》 · p255	周黎安 转型中的地方政府 概念
采用了城市经营的新思路	采用了城市经营的新思路，即组建一系列的政策性公司，以政府信用<br>— 周黎安 · 《转型中的地方政府》 · p256	周黎安 转型中的地方政府 概念
到现在	到现在，即使是中国最落后的县市领导，对于城市经<br>— 周黎安 · 《转型中的地方政府》 · p259	周黎安 转型中的地方政府 概念
财政竞争	资本投资而竞争的情况在经济学上被称为“财政竞争”（fiscal<br>— 周黎安 · 《转型中的地方政府》 · p271	周黎安 转型中的地方政府 概念
弱弱毗邻地区	弱弱毗邻地区，即落后省份或地区的交界地带，多为中西部省区的毗<br>— 周黎安 · 《转型中的地方政府》 · p275	周黎安 转型中的地方政府 概念
第三种类型是强强毗邻地区	第三种类型是强强毗邻地区，即发达省区的交界地带，多分布于我国<br>— 周黎安 · 《转型中的地方政府》 · p276	周黎安 转型中的地方政府 概念
第二种类型是强弱毗邻地区	第二种类型是强弱毗邻地区，即落后省份或地区与发达省份<br>— 周黎安 · 《转型中的地方政府》 · p276	周黎安 转型中的地方政府 概念
省内相对人均GDP	省内相对人均GDP是指该县人均GDP与本省人均GDP均值的比<br>— 周黎安 · 《转型中的地方政府》 · p276	周黎安 转型中的地方政府 概念
参与人”	参与人”，即像任何经济主体一样关注经济利益，20世纪80年代以来<br>— 周黎安 · 《转型中的地方政府》 · p281	周黎安 转型中的地方政府 概念
于相对位次的都要尽力去做	于相对位次的都要尽力去做，即使在经济上亏损也值得；<br>— 周黎安 · 《转型中的地方政府》 · p284	周黎安 转型中的地方政府 概念
同一行业的业绩上升	同一行业的业绩上升，即便两败俱伤也是值得的。<br>— 周黎安 · 《转型中的地方政府》 · p285	周黎安 转型中的地方政府 概念
的情况	的情况，即我们通常所说的“远交近攻”战略。<br>— 周黎安 · 《转型中的地方政府》 · p292	周黎安 转型中的地方政府 概念
同处于一个经济圈	同处于一个经济圈，即使存在经济圈内部的经济协作和一体化<br>— 周黎安 · 《转型中的地方政府》 · p293	周黎安 转型中的地方政府 概念
的经济政策	的经济政策，即所谓的“173计划”，被认为是上海设计的一条阻击<br>— 周黎安 · 《转型中的地方政府》 · p294	周黎安 转型中的地方政府 概念
端的一个主要思路	端的一个主要思路，即当时经济面临的主要问题（如地方和企业缺乏<br>— 周黎安 · 《转型中的地方政府》 · p299	周黎安 转型中的地方政府 概念
制的成本	制的成本，即政府干预本身可能带来的瞎指挥和管得过死的毛病。<br>— 周黎安 · 《转型中的地方政府》 · p309	周黎安 转型中的地方政府 概念
家企业	家企业，即上缴税收13.6亿元，成为新余市财政贡献第一大户。<br>— 周黎安 · 《转型中的地方政府》 · p332	周黎安 转型中的地方政府 概念
经济性分权	[3] 经济管理权力直接下放给企业的情况被称为“经济性分权”。<br>— 周黎安 · 《转型中的地方政府》 · p339	周黎安 转型中的地方政府 概念
段的市场化倾向	段的市场化倾向，即政府官员的激励方式采取了非常接近市场化的手<br>— 周黎安 · 《转型中的地方政府》 · p351	周黎安 转型中的地方政府 概念
政府间事权的划分	政府间事权的划分，即中央和地方、省级政府与基层政府的职权划<br>— 周黎安 · 《转型中的地方政府》 · p356	周黎安 转型中的地方政府 概念
十一五	五”主要污染物总量减排监测办法》，这三个文件被称为“十一五”<br>— 周黎安 · 《转型中的地方政府》 · p362	周黎安 转型中的地方政府 概念
一定的经济资源	一定的经济资源，即拥有较大的行动空间，才能真正对地方经济发展<br>— 周黎安 · 《转型中的地方政府》 · p369	周黎安 转型中的地方政府 概念
大规模动员资源	大规模动员资源，即我们常说的“善于集中力量办大事”。<br>— 周黎安 · 《转型中的地方政府》 · p381	周黎安 转型中的地方政府 概念
予了一个人	予了一个人，即地方行政首长，所有上级的目标和发包任务都要进入<br>— 周黎安 · 《转型中的地方政府》 · p386	周黎安 转型中的地方政府 概念
“关门打狗”则	“关门打狗”则是指具体职能部门在事前审核、尤其事后监<br>— 周黎安 · 《转型中的地方政府》 · p387	周黎安 转型中的地方政府 概念
新公共管理运	西方的官僚体制从80年代开始正在进行一场被称为“新公共管理运<br>— 周黎安 · 《转型中的地方政府》 · p412	周黎安 转型中的地方政府 概念
“束手做事”的体制过渡	“束手做事”的体制过渡，即向“公平、透明、问责”的行政原则过<br>— 周黎安 · 《转型中的地方政府》 · p413	周黎安 转型中的地方政府 概念
如果给予代理人强激励	如果给予代理人强激励，即将产出和报酬<br>— 周黎安 · 《转型中的地方政府》 · p418	周黎安 转型中的地方政府 概念
效率工资	所谓“效率工资”是指对员工支付高于市场工资水平的一种激励策<br>— 周黎安 · 《转型中的地方政府》 · p421	周黎安 转型中的地方政府 概念
交易费用	科斯当时给出的解答是交易费用，即利用市场机制实<br>— 周黎安 · 《转型中的地方政府》 · p423	周黎安 转型中的地方政府 概念
资产专用性	三是资产专用性，即资产专用于某个<br>— 周黎安 · 《转型中的地方政府》 · p424	周黎安 转型中的地方政府 概念
府与企业的交易关系	府与企业的交易关系，即在什么样的司法、行政体制下政府能够向潜<br>— 周黎安 · 《转型中的地方政府》 · p425	周黎安 转型中的地方政府 概念
的企业形式分成了三种类型	的企业形式分成了三种类型，即单一型（unitary form）、控股型<br>— 周黎安 · 《转型中的地方政府》 · p426	周黎安 转型中的地方政府 概念
激励互补性的性质	激励互补性的性质，即如果博弈参与人同时参与两个博弈，那么，即<br>— 周黎安 · 《转型中的地方政府》 · p429	周黎安 转型中的地方政府 概念
业边界的问题	业边界的问题，即政府需要计算一项公共服务是由政府提供还是从市<br>— 周黎安 · 《转型中的地方政府》 · p431	周黎安 转型中的地方政府 概念
上处在“体制之外”	上处在“体制之外”，即“官场之外”，属于政府事务的外部承包<br>— 周黎安 · 《转型中的地方政府》 · p432	周黎安 转型中的地方政府 概念
的方式	的方式，即上级政府根据地方政府的投入量确定相应的配套资金。<br>— 周黎安 · 《转型中的地方政府》 · p437	周黎安 转型中的地方政府 概念
财政联邦主义	上述财政联邦主义理论也被称为第一代财政联邦主义理论，原因在<br>— 周黎安 · 《转型中的地方政府》 · p438	周黎安 转型中的地方政府 概念
约束”问题	约束”问题，即国有企业因为预期到政府会在其经营困难的时候出面<br>— 周黎安 · 《转型中的地方政府》 · p439	周黎安 转型中的地方政府 概念
狭义的财政体制则	狭义的财政体制则是指预算管理体制，即一般只包括预算内收人和支出在政府间的安排和分配<br>— 周飞舟 · 《以利为利》	周飞舟 以利为利 概念
一般性补助	一般而言，财政补助分为两种，一种被称为“一般性补助”（General · Purpose），没有指定补助的用途<br>— 周飞舟 · 《以利为利》	周飞舟 以利为利 概念
统收统支	从财政方面看，一般认为，从1949 年到改革开放以前，中国实行的是“统收统支”的财政体制，即地方政府的全部财政收入上缴中央，而中央全面安排地方政府的支出，也就是说中央一地方关系在财政上是高度集权的<br>— 周飞舟 · 《以利为利》	周飞舟 以利为利 概念
企业收入主要	企业收入主要是指工商企业上缴的利润和部分折旧基金<br>— 周飞舟 · 《以利为利》	周飞舟 以利为利 概念
固定比例分成	所谓“固定比例分成”，就是根据1976 年该省财政决算总支出在总收入中的比例，确定收人上缴的比例（1977 年为58% ，留用比例为429毛），一定四年不变，四年中按照这个比例与中央分成<br>— 周飞舟 · 《以利为利》	周飞舟 以利为利 概念
对于企业而言	对于企业而言，即使不赚钱，出厂价也会高于人厂价，因为出厂价中包含了工人的工资、生产设备折旧等成本<br>— 周飞舟 · 《以利为利》	周飞舟 以利为利 概念
企业的“利改税”	企业的“利改税”，即将上缴利润改为国有企业所得税和收入调节税的政策虽然对税收增长有着明显的影响，但是由于工业企业利润率的下降，这种以利润为税基的税收并没有明显的增长<br>— 周飞舟 · 《以利为利》	周飞舟 以利为利 概念
财政包干制	根据学界的研究，在财政包干制期间出现了所谓的“两个比重”的迅速下将，即财政收入占GDP 的比重与中央财政收入占总财政收入比重的下降<br>— 周飞舟 · 《以利为利》	周飞舟 以利为利 概念
我们再来看第二个比重	我们再来看第二个比重，即中央财政收人在总财政收入中的比重<br>— 周飞舟 · 《以利为利》	周飞舟 以利为利 概念
三保	一般而言，财政的支出责任可以总结为“三保”，即“保工资、保运转、保建设”<br>— 周飞舟 · 《以利为利》	周飞舟 以利为利 概念
保建设则	保建设则是指一些常规性的公共维修和建设项目<br>— 周飞舟 · 《以利为利》	周飞舟 以利为利 概念
体制上解	在大部分县乡财政体制中，这部分差额被划分为县级收入，要由超收乡镇“上解”到县级财政，与超收分成部分划归到县级财政的部分一起，被称为“体制上解”<br>— 周飞舟 · 《以利为利》	周飞舟 以利为利 概念
但是总的趋势是很明显的	但是总的趋势是很明显的，即由过去的“一揽子包干法”逐步变成了形态各异的“分税包干法”<br>— 周飞舟 · 《以利为利》	周飞舟 以利为利 概念
吃饭财政	研究发现，中西部地区的县乡财政普遍属于“吃饭财政”，即几乎全部的财政支出都是用来支付财政供养人员的工资<br>— 周飞舟 · 《以利为利》	周飞舟 以利为利 概念
摊派收入	所谓“摊派收入”是指乡镇政府强行向各村“摊派” 完成的工商税收任务数，至于各村是如何完成的我们不得而知，想必也和乡镇政府的“完成”办法差不多<br>— 周飞舟 · 《以利为利》	周飞舟 以利为利 概念
中国在十余年前	中国在十余年前，也就是2005年的时候，金融增加值占当时GDP的5%不到，百分之四点几，快速增长恰恰是这些年异常扩张、高速发展的结果<br>— 黄奇帆 · 《分析与思考》	黄奇帆 分析与思考 概念
去杠杆	第三种情况是良性的去杠杆，也就是经济受到了一定的抑制，但还是健康地向上，产业结构、企业结构调整趋好，既降低了宏观经济的高杠杆，又避免了国民经济萧条，保持了经济平稳，没有出现严重的危机<br>— 黄奇帆 · 《分析与思考》	黄奇帆 分析与思考 概念
就相当于保费是资金池	就相当于保费是资金池，也就是短期的资金作为保费出去就是长期投资，错配了以后，你如果只占15%，风险很小<br>— 黄奇帆 · 《分析与思考》	黄奇帆 分析与思考 概念
供给侧结构性改革	供给侧结构性改革与西方供给学派有根本区别，体现在“三个不同”，即宏观经济背景、经济学学理支撑、宏观政策要领不同<br>— 黄奇帆 · 《分析与思考》	黄奇帆 分析与思考 概念
这样大的资本需求	这样大的资本需求，即使是实力很强的企业，只靠自己的资本积累也是难以进行持续投入的<br>— 黄奇帆 · 《分析与思考》	黄奇帆 分析与思考 概念
这个众筹是网络众筹	这个众筹是网络众筹，即通过互联网向网民刚性承诺高回报投资拉来的资本金<br>— 黄奇帆 · 《分析与思考》	黄奇帆 分析与思考 概念
全时空	所谓“全时空”是指打破时间和空间障碍，从天到地、从地上到水下、从国内到国际可以瞬间连成一体，信息每天24小时不停地流动<br>— 黄奇帆 · 《分析与思考》	黄奇帆 分析与思考 概念
全解析	所谓“全解析”是指通过收集和分析人类所有行为信息，产生异于传统的全新认知、全新行为和全新价值<br>— 黄奇帆 · 《分析与思考》	黄奇帆 分析与思考 概念
物资本位制	“物资本位制”是指现金的发行以国家掌握的物质为基础<br>— 黄奇帆 · 《分析与思考》	黄奇帆 分析与思考 概念
布雷顿森林体系	布雷顿森林体系是指将美元同黄金挂钩，任何国家可以用持有的35美元去向美国政府要求兑换一盎司黄金<br>— 黄奇帆 · 《分析与思考》	黄奇帆 分析与思考 概念
而“财政赤字货币化”	而“财政赤字货币化”是指发行货币直接为政府赤字融资<br>— 黄奇帆 · 《分析与思考》	黄奇帆 分析与思考 概念
传统金融体系	传统金融体系是指以商业银行为基础的金融体系，现代金融体系是指以资本市场为基础的金融体系，不仅仅具有媒介资金供求关系的机制，而且还具有能够实现资源优化配置、分散风险和分享财富成长三大功能的机制<br>— 黄奇帆 · 《分析与思考》	黄奇帆 分析与思考 概念
地票	所谓地票，就是指将闲置的农民宅基地及其附属设施用地、乡镇企业用地、农村公益公共设施用地等农村建设用地，复垦为耕地而产生的建设用地指标<br>— 黄奇帆 · 《分析与思考》	黄奇帆 分析与思考 概念
一二三四	所谓“一二三四”，就是这个省会城市往往占有这个省土地面积的10%不到，一般是5%—10%<br>— 黄奇帆 · 《分析与思考》	黄奇帆 分析与思考 概念
中国自贸试验区的核心	中国自贸试验区的核心，也就是“三零”原则在自己这个区域里先行先试，等到国家签订FTA的时候，自贸试验区就为国家签订FTA提供托底的经验<br>— 黄奇帆 · 《分析与思考》	黄奇帆 分析与思考 概念
零补贴	所谓零补贴，就是如果一个国家，为了争夺产业链，为了争夺企业到这儿来落户，有意给这些企业进行一定的财务补助<br>— 黄奇帆 · 《分析与思考》	黄奇帆 分析与思考 概念
贸易增加的最高形式	贸易增加的最高形式，也就是这六七十个国家之间的“三零”，零关税、零壁垒、零补贴<br>— 黄奇帆 · 《分析与思考》	黄奇帆 分析与思考 概念
并以此建构了研究问题	并以此建构了研究问题，即在国内城镇化和数字化转型过程中，劳动的过渡性如何被生产和被塑造出来，并指出这种过渡性既是过程也是结果<br>— 孙萍 · 《过渡劳动》	孙萍 过渡劳动 概念
平台经济	这样的过渡性产生于平台经济和零工劳动迅速崛起的时候，即我们进入21世纪的头两个十年<br>— 孙萍 · 《过渡劳动》	孙萍 过渡劳动 概念
脱嵌	它想要阐释的是一种“脱嵌式”的结构逻辑，即“过渡”本身作为一种劳动手段在平台市场逻辑的渗透下失去了它的功能性意义，反而变成了一种常态化、永恒性的存在<br>— 孙萍 · 《过渡劳动》	孙萍 过渡劳动 概念
或者说我在抵抗一种高估性	或者说我在抵抗一种高估性，即对于劳动人群的过度赞美<br>— 孙萍 · 《过渡劳动》	孙萍 过渡劳动 概念
第五章讲述了性别劳动	第五章讲述了性别劳动，即女性如何利用这份工作谋求短期利益<br>— 孙萍 · 《过渡劳动》	孙萍 过渡劳动 概念
情感劳动	但是，即便是这样的“老骑手”，也无法被服务业的“服务意识”或者“情感劳动”完全说服<br>— 孙萍 · 《过渡劳动》	孙萍 过渡劳动 概念
毫无疑问	毫无疑问，即便所来之处是临时的生存空间，做义工的这位外卖骑手仍旧带着自己的责任感和行动力<br>— 孙萍 · 《过渡劳动》	孙萍 过渡劳动 概念
这类预测的含混	这类预测的含混，即长期预报的含混，因其范围和意义而被抵销，所以我建议称之为“大规模预测”或“大规模预报”<br>— 波普尔 · 《历史决定论的贫困》	波普尔 历史决定论的贫困 概念
自然规律的“技术形式	对自然规律的这种阐述方法使其技术意义变得明显，因此它可以被称为自然规律的“技术形式”<br>— 波普尔 · 《历史决定论的贫困》	波普尔 历史决定论的贫困 概念
典型的技术论	”但这表明反干预主义可以被称为典型的技术论<br>— 波普尔 · 《历史决定论的贫困》	波普尔 历史决定论的贫困 概念
归纳概括	所谓归纳概括指的是我们从观察开始并从观察结果中推导出理论<br>— 波普尔 · 《历史决定论的贫困》	波普尔 历史决定论的贫困 概念
历史学的这两个任务	历史学的这两个任务，即弄清因果联系和描述这些因果联系所联结的“偶然”情况，都是必要的又是相互补充的<br>— 波普尔 · 《历史决定论的贫困》	波普尔 历史决定论的贫困 概念
